[{"model": "contenttypes.contenttype", "pk": 1, "fields": {"app_label": "admin", "model": "logentry"}}, {"model": "contenttypes.contenttype", "pk": 2, "fields": {"app_label": "auth", "model": "permission"}}, {"model": "contenttypes.contenttype", "pk": 3, "fields": {"app_label": "auth", "model": "group"}}, {"model": "contenttypes.contenttype", "pk": 4, "fields": {"app_label": "auth", "model": "user"}}, {"model": "contenttypes.contenttype", "pk": 5, "fields": {"app_label": "contenttypes", "model": "contenttype"}}, {"model": "contenttypes.contenttype", "pk": 6, "fields": {"app_label": "sessions", "model": "session"}}, {"model": "contenttypes.contenttype", "pk": 7, "fields": {"app_label": "finance", "model": "cart"}}, {"model": "contenttypes.contenttype", "pk": 8, "fields": {"app_label": "finance", "model": "finance"}}, {"model": "contenttypes.contenttype", "pk": 9, "fields": {"app_label": "finance", "model": "middle_cart"}}, {"model": "contenttypes.contenttype", "pk": 10, "fields": {"app_label": "product", "model": "brand"}}, {"model": "contenttypes.contenttype", "pk": 11, "fields": {"app_label": "product", "model": "catagory"}}, {"model": "contenttypes.contenttype", "pk": 12, "fields": {"app_label": "product", "model": "clothing"}}, {"model": "contenttypes.contenttype", "pk": 13, "fields": {"app_label": "product", "model": "cosmetic"}}, {"model": "contenttypes.contenttype", "pk": 14, "fields": {"app_label": "product", "model": "cultural"}}, {"model": "contenttypes.contenttype", "pk": 15, "fields": {"app_label": "product", "model": "digital"}}, {"model": "contenttypes.contenttype", "pk": 16, "fields": {"app_label": "product", "model": "homeapplience"}}, {"model": "contenttypes.contenttype", "pk": 17, "fields": {"app_label": "product", "model": "subcatagory"}}, {"model": "contenttypes.contenttype", "pk": 18, "fields": {"app_label": "product", "model": "product"}}, {"model": "contenttypes.contenttype", "pk": 19, "fields": {"app_label": "product", "model": "imageproduct"}}, {"model": "contenttypes.contenttype", "pk": 20, "fields": {"app_label": "product", "model": "comment"}}, {"model": "contenttypes.contenttype", "pk": 21, "fields": {"app_label": "user", "model": "profile"}}, {"model": "contenttypes.contenttype", "pk": 22, "fields": {"app_label": "user", "model": "phones"}}, {"model": "contenttypes.contenttype", "pk": 23, "fields": {"app_label": "user", "model": "address"}}, {"model": "contenttypes.contenttype", "pk": 24, "fields": {"app_label": "authtoken", "model": "token"}}, {"model": "sessions.session", "pk": "errbenoioprz6cjmp7kmvgan2or735eg", "fields": {"session_data": "NmQ4MmEzMGQ4YzdjNWY5OWNiYTYwY2UwYTVhMTU5NmE0MzI5OTNmMTp7Il9hdXRoX3VzZXJfaWQiOiIxIiwiX2F1dGhfdXNlcl9iYWNrZW5kIjoiZGphbmdvLmNvbnRyaWIuYXV0aC5iYWNrZW5kcy5Nb2RlbEJhY2tlbmQiLCJfYXV0aF91c2VyX2hhc2giOiI4Njk2MjljZWI1YzhjYmYyY2FmYjViMmY2YTZmMTQ5NTE4ZTA2OWNjIn0=", "expire_date": "2020-09-24T15:55:30.818Z"}}, {"model": "sessions.session", "pk": "qx90v1gk8uokmlppqtkacj4qefcfi87k", "fields": {"session_data": "NmQ4MmEzMGQ4YzdjNWY5OWNiYTYwY2UwYTVhMTU5NmE0MzI5OTNmMTp7Il9hdXRoX3VzZXJfaWQiOiIxIiwiX2F1dGhfdXNlcl9iYWNrZW5kIjoiZGphbmdvLmNvbnRyaWIuYXV0aC5iYWNrZW5kcy5Nb2RlbEJhY2tlbmQiLCJfYXV0aF91c2VyX2hhc2giOiI4Njk2MjljZWI1YzhjYmYyY2FmYjViMmY2YTZmMTQ5NTE4ZTA2OWNjIn0=", "expire_date": "2020-09-20T09:45:24.169Z"}}, {"model": "sessions.session", "pk": "ryyb4bck5i4uv8ibcvqz874q8v9ev5po", "fields": {"session_data": "NmQ4MmEzMGQ4YzdjNWY5OWNiYTYwY2UwYTVhMTU5NmE0MzI5OTNmMTp7Il9hdXRoX3VzZXJfaWQiOiIxIiwiX2F1dGhfdXNlcl9iYWNrZW5kIjoiZGphbmdvLmNvbnRyaWIuYXV0aC5iYWNrZW5kcy5Nb2RlbEJhY2tlbmQiLCJfYXV0aF91c2VyX2hhc2giOiI4Njk2MjljZWI1YzhjYmYyY2FmYjViMmY2YTZmMTQ5NTE4ZTA2OWNjIn0=", "expire_date": "2020-09-28T10:30:02.105Z"}}, {"model": "sessions.session", "pk": "spq845j4xvtfopivzhiunzgfta1pzvvy", "fields": {"session_data": "NmQ4MmEzMGQ4YzdjNWY5OWNiYTYwY2UwYTVhMTU5NmE0MzI5OTNmMTp7Il9hdXRoX3VzZXJfaWQiOiIxIiwiX2F1dGhfdXNlcl9iYWNrZW5kIjoiZGphbmdvLmNvbnRyaWIuYXV0aC5iYWNrZW5kcy5Nb2RlbEJhY2tlbmQiLCJfYXV0aF91c2VyX2hhc2giOiI4Njk2MjljZWI1YzhjYmYyY2FmYjViMmY2YTZmMTQ5NTE4ZTA2OWNjIn0=", "expire_date": "2020-09-25T17:21:36.197Z"}}, {"model": "finance.cart", "pk": 35, "fields": {"user": 1, "date": "2020-09-16", "status": false}}, {"model": "finance.middle_cart", "pk": 70, "fields": {"product": 2, "cart": 35, "purchase_number": 1}}, {"model": "finance.middle_cart", "pk": 71, "fields": {"product": 5, "cart": 35, "purchase_number": 4}}, {"model": "finance.finance", "pk": 14, "fields": {"user": "admin", "cart": "34", "number_product": "5", "total_price": "7500000000", "date": "2020-09-14", "done": true}}, {"model": "finance.finance", "pk": 15, "fields": {"user": "admin", "cart": "34", "number_product": "5", "total_price": "7500000000", "date": "2020-09-14", "done": true}}, {"model": "product.catagory", "pk": 1, "fields": {"name": "\u062f\u06cc\u062c\u06cc\u062a\u0627\u0644", "image": "content/images/digital_NPum9wK_TvenBnu.jpg"}}, {"model": "product.catagory", "pk": 2, "fields": {"name": "\u0641\u0631\u0647\u0646\u06af\u06cc", "image": "content/images/3be04ad02d741e38bba0c6aa1737a894_trvjMWV.jpg"}}, {"model": "product.catagory", "pk": 4, "fields": {"name": "\u062e\u0627\u0646\u06af\u06cc", "image": ""}}, {"model": "product.catagory", "pk": 5, "fields": {"name": "\u0628\u0647\u062f\u0627\u0634\u062a\u06cc", "image": ""}}, {"model": "product.catagory", "pk": 6, "fields": {"name": "\u067e\u0648\u0634\u0627\u06a9", "image": ""}}, {"model": "product.subcatagory", "pk": 1, "fields": {"catagory": 1, "catogory_name": "\u0645\u0648\u0628\u0627\u06cc\u0644"}}, {"model": "product.subcatagory", "pk": 2, "fields": {"catagory": 2, "catogory_name": "\u06a9\u062a\u0627\u0628"}}, {"model": "product.subcatagory", "pk": 3, "fields": {"catagory": 4, "catogory_name": "\u062a\u062e\u062a"}}, {"model": "product.subcatagory", "pk": 4, "fields": {"catagory": 4, "catogory_name": "\u0627\u0634\u067e\u0632\u062e\u0627\u0646\u0647"}}, {"model": "product.subcatagory", "pk": 6, "fields": {"catagory": 4, "catogory_name": "\u0645\u0628\u0644\u0645\u0627\u0646"}}, {"model": "product.subcatagory", "pk": 7, "fields": {"catagory": 1, "catogory_name": "\u0644\u0628 \u062a\u0627\u0628"}}, {"model": "product.subcatagory", "pk": 8, "fields": {"catagory": 1, "catogory_name": "\u062a\u0628\u0644\u062a"}}, {"model": "product.subcatagory", "pk": 9, "fields": {"catagory": 1, "catogory_name": "\u0647\u062f\u0641\u0648\u0646"}}, {"model": "product.subcatagory", "pk": 10, "fields": {"catagory": 2, "catogory_name": "\u0641\u06cc\u0644\u0645"}}, {"model": "product.subcatagory", "pk": 11, "fields": {"catagory": 2, "catogory_name": "\u0645\u0648\u0633\u06cc\u0642\u06cc"}}, {"model": "product.subcatagory", "pk": 12, "fields": {"catagory": 2, "catogory_name": "\u0647\u0646\u0631\u0647\u0627\u06cc \u062f\u0633\u062a\u06cc"}}, {"model": "product.subcatagory", "pk": 15, "fields": {"catagory": 4, "catogory_name": "\u0641\u0631\u0634"}}, {"model": "product.subcatagory", "pk": 16, "fields": {"catagory": 4, "catogory_name": "\u062a\u0632\u06cc\u06cc\u0646\u06cc"}}, {"model": "product.subcatagory", "pk": 17, "fields": {"catagory": 5, "catogory_name": "\u0627\u0631\u0627\u06cc\u0634\u06cc"}}, {"model": "product.subcatagory", "pk": 18, "fields": {"catagory": 5, "catogory_name": "\u0644\u0648\u0633\u06cc\u0648\u0646 \u0647\u0627"}}, {"model": "product.subcatagory", "pk": 19, "fields": {"catagory": 5, "catogory_name": "\u0634\u0648\u06cc\u0646\u062f\u0647 \u0647\u0627"}}, {"model": "product.subcatagory", "pk": 20, "fields": {"catagory": 6, "catogory_name": "\u0634\u0644\u0648\u0627\u0631"}}, {"model": "product.subcatagory", "pk": 21, "fields": {"catagory": 6, "catogory_name": "\u067e\u06cc\u0631\u0627\u0647\u0646"}}, {"model": "product.subcatagory", "pk": 22, "fields": {"catagory": 6, "catogory_name": "\u06a9\u062a \u0648\u0634\u0644\u0648\u0627\u0631"}}, {"model": "product.subcatagory", "pk": 23, "fields": {"catagory": 6, "catogory_name": "\u062a\u06cc\u0634\u0631\u062a"}}, {"model": "product.subcatagory", "pk": 24, "fields": {"catagory": 6, "catogory_name": "\u06a9\u0644\u0627\u0647"}}, {"model": "product.subcatagory", "pk": 25, "fields": {"catagory": 6, "catogory_name": "\u06a9\u06cc\u0641"}}, {"model": "product.subcatagory", "pk": 26, "fields": {"catagory": 6, "catogory_name": "\u062f\u0633\u062a \u06a9\u0634"}}, {"model": "product.brand", "pk": 1, "fields": {"name": "apple", "image": ""}}, {"model": "product.brand", "pk": 2, "fields": {"name": "mac", "image": ""}}, {"model": "product.brand", "pk": 3, "fields": {"name": "samsung", "image": ""}}, {"model": "product.brand", "pk": 4, "fields": {"name": "other", "image": ""}}, {"model": "product.digital", "pk": 1, "fields": {"screen_size": 112.0, "color": ".mxfl;ldv", "ram": 121, "harddisck": 2332, "screen_resolution": 2323, "os": "windows", "cpu": "/lmdsk", "touch": true, "weight": 232, "year": 23}}, {"model": "product.digital", "pk": 2, "fields": {"screen_size": 1000.0, "color": "gold", "ram": 256, "harddisck": null, "screen_resolution": 1080, "os": "android", "cpu": null, "touch": true, "weight": 200, "year": 2020}}, {"model": "product.digital", "pk": 3, "fields": {"screen_size": 1000.0, "color": "black", "ram": 128, "harddisck": null, "screen_resolution": 1080, "os": "ios", "cpu": null, "touch": true, "weight": 100, "year": 2020}}, {"model": "product.digital", "pk": 4, "fields": {"screen_size": 16.0, "color": "silver", "ram": 1000, "harddisck": 1000, "screen_resolution": null, "os": "ios", "cpu": null, "touch": false, "weight": 500, "year": 2020}}, {"model": "product.cosmetic", "pk": 1, "fields": {"color": "red", "gender": null, "smell": null, "country": "england", "volume": null, "year": 2020}}, {"model": "product.clothing", "pk": 1, "fields": {"size": "m", "gender": null, "color": "m,n,", "country": "m,", "material": null, "weight": null, "year": null}}, {"model": "product.homeapplience", "pk": 1, "fields": {"volume": "fcb", "color": null, "weight": null, "size": null, "capacity": null, "material": null, "year": null}}, {"model": "product.cultural", "pk": 1, "fields": {"creator": "J.K Rowling", "translator": "mamad", "publisher": null, "gener": null, "duration": "00:16:40", "year": 2000}}, {"model": "product.imageproduct", "pk": 1, "fields": {"image": "static/img/Apple-iPhone-11-1_VaiZK4m.webp"}}, {"model": "product.comment", "pk": 2, "fields": {"comment": "lesfkl"}}, {"model": "product.product", "pk": 1, "fields": {"cosmetic": null, "digital": 3, "clothing": null, "homeapplience": null, "cultural": null, "category": 1, "sub_catagory": 1, "brands": 1, "name": "iphone 11", "number": "13", "price": "200000000", "descriptions": "kheili khube", "add_time": "2020-09-03", "image": "content/images/Apple-iPhone-11-1_VaiZK4m_qu5r4KZ.webp", "images": 1, "comments": 2}}, {"model": "product.product", "pk": 2, "fields": {"cosmetic": null, "digital": 2, "clothing": null, "homeapplience": null, "cultural": null, "category": 1, "sub_catagory": 1, "brands": 3, "name": "note 20", "number": "15", "price": "300000000", "descriptions": "khube bkharid", "add_time": "2020-09-03", "image": "content/images/960x0_4cWIdkD.jpg", "images": null, "comments": null}}, {"model": "product.product", "pk": 3, "fields": {"cosmetic": null, "digital": null, "clothing": null, "homeapplience": null, "cultural": null, "category": 4, "sub_catagory": 4, "brands": 1, "name": "\u06cc\u062e\u0686\u0627\u0644 \u0633\u0627\u06cc\u062f", "number": "13", "price": "100000000", "descriptions": "ziba ja dar motmaen", "add_time": "2020-09-10", "image": "content/images/yakhchal_NK1Kw2Y.jpg", "images": null, "comments": null}}, {"model": "product.product", "pk": 4, "fields": {"cosmetic": 1, "digital": null, "clothing": null, "homeapplience": null, "cultural": null, "category": 5, "sub_catagory": 17, "brands": 2, "name": "rozh lab", "number": "27", "price": "100000", "descriptions": "khosh range", "add_time": "2020-09-10", "image": "content/images/lipstick.jpeg", "images": null, "comments": null}}, {"model": "product.product", "pk": 5, "fields": {"cosmetic": null, "digital": null, "clothing": null, "homeapplience": null, "cultural": 1, "category": 2, "sub_catagory": 2, "brands": 4, "name": "harry poter", "number": "50", "price": "2000000", "descriptions": "az filmesh behtre", "add_time": "2020-09-10", "image": "content/images/harry.jpg", "images": null, "comments": null}}, {"model": "product.product", "pk": 6, "fields": {"cosmetic": null, "digital": 4, "clothing": null, "homeapplience": null, "cultural": null, "category": 1, "sub_catagory": 7, "brands": 1, "name": "mac book", "number": "9", "price": "50000000", "descriptions": "", "add_time": "2020-09-10", "image": "content/images/mac_book.jpg", "images": null, "comments": null}}, {"model": "auth.permission", "pk": 1, "fields": {"name": "Can add log entry", "content_type": 1, "codename": "add_logentry"}}, {"model": "auth.permission", "pk": 2, "fields": {"name": "Can change log entry", "content_type": 1, "codename": "change_logentry"}}, {"model": "auth.permission", "pk": 3, "fields": {"name": "Can delete log entry", "content_type": 1, "codename": "delete_logentry"}}, {"model": "auth.permission", "pk": 4, "fields": {"name": "Can view log entry", "content_type": 1, "codename": "view_logentry"}}, {"model": "auth.permission", "pk": 5, "fields": {"name": "Can add permission", "content_type": 2, "codename": "add_permission"}}, {"model": "auth.permission", "pk": 6, "fields": {"name": "Can change permission", "content_type": 2, "codename": "change_permission"}}, {"model": "auth.permission", "pk": 7, "fields": {"name": "Can delete permission", "content_type": 2, "codename": "delete_permission"}}, {"model": "auth.permission", "pk": 8, "fields": {"name": "Can view permission", "content_type": 2, "codename": "view_permission"}}, {"model": "auth.permission", "pk": 9, "fields": {"name": "Can add group", "content_type": 3, "codename": "add_group"}}, {"model": "auth.permission", "pk": 10, "fields": {"name": "Can change group", "content_type": 3, "codename": "change_group"}}, {"model": "auth.permission", "pk": 11, "fields": {"name": "Can delete group", "content_type": 3, "codename": "delete_group"}}, {"model": "auth.permission", "pk": 12, "fields": {"name": "Can view group", "content_type": 3, "codename": "view_group"}}, {"model": "auth.permission", "pk": 13, "fields": {"name": "Can add user", "content_type": 4, "codename": "add_user"}}, {"model": "auth.permission", "pk": 14, "fields": {"name": "Can change user", "content_type": 4, "codename": "change_user"}}, {"model": "auth.permission", "pk": 15, "fields": {"name": "Can delete user", "content_type": 4, "codename": "delete_user"}}, {"model": "auth.permission", "pk": 16, "fields": {"name": "Can view user", "content_type": 4, "codename": "view_user"}}, {"model": "auth.permission", "pk": 17, "fields": {"name": "Can add content type", "content_type": 5, "codename": "add_contenttype"}}, {"model": "auth.permission", "pk": 18, "fields": {"name": "Can change content type", "content_type": 5, "codename": "change_contenttype"}}, {"model": "auth.permission", "pk": 19, "fields": {"name": "Can delete content type", "content_type": 5, "codename": "delete_contenttype"}}, {"model": "auth.permission", "pk": 20, "fields": {"name": "Can view content type", "content_type": 5, "codename": "view_contenttype"}}, {"model": "auth.permission", "pk": 21, "fields": {"name": "Can add session", "content_type": 6, "codename": "add_session"}}, {"model": "auth.permission", "pk": 22, "fields": {"name": "Can change session", "content_type": 6, "codename": "change_session"}}, {"model": "auth.permission", "pk": 23, "fields": {"name": "Can delete session", "content_type": 6, "codename": "delete_session"}}, {"model": "auth.permission", "pk": 24, "fields": {"name": "Can view session", "content_type": 6, "codename": "view_session"}}, {"model": "auth.permission", "pk": 25, "fields": {"name": "Can add cart", "content_type": 7, "codename": "add_cart"}}, {"model": "auth.permission", "pk": 26, "fields": {"name": "Can change cart", "content_type": 7, "codename": "change_cart"}}, {"model": "auth.permission", "pk": 27, "fields": {"name": "Can delete cart", "content_type": 7, "codename": "delete_cart"}}, {"model": "auth.permission", "pk": 28, "fields": {"name": "Can view cart", "content_type": 7, "codename": "view_cart"}}, {"model": "auth.permission", "pk": 29, "fields": {"name": "Can add finance", "content_type": 8, "codename": "add_finance"}}, {"model": "auth.permission", "pk": 30, "fields": {"name": "Can change finance", "content_type": 8, "codename": "change_finance"}}, {"model": "auth.permission", "pk": 31, "fields": {"name": "Can delete finance", "content_type": 8, "codename": "delete_finance"}}, {"model": "auth.permission", "pk": 32, "fields": {"name": "Can view finance", "content_type": 8, "codename": "view_finance"}}, {"model": "auth.permission", "pk": 33, "fields": {"name": "Can add middle_cart", "content_type": 9, "codename": "add_middle_cart"}}, {"model": "auth.permission", "pk": 34, "fields": {"name": "Can change middle_cart", "content_type": 9, "codename": "change_middle_cart"}}, {"model": "auth.permission", "pk": 35, "fields": {"name": "Can delete middle_cart", "content_type": 9, "codename": "delete_middle_cart"}}, {"model": "auth.permission", "pk": 36, "fields": {"name": "Can view middle_cart", "content_type": 9, "codename": "view_middle_cart"}}, {"model": "auth.permission", "pk": 37, "fields": {"name": "Can add brand", "content_type": 10, "codename": "add_brand"}}, {"model": "auth.permission", "pk": 38, "fields": {"name": "Can change brand", "content_type": 10, "codename": "change_brand"}}, {"model": "auth.permission", "pk": 39, "fields": {"name": "Can delete brand", "content_type": 10, "codename": "delete_brand"}}, {"model": "auth.permission", "pk": 40, "fields": {"name": "Can view brand", "content_type": 10, "codename": "view_brand"}}, {"model": "auth.permission", "pk": 41, "fields": {"name": "Can add catagory", "content_type": 11, "codename": "add_catagory"}}, {"model": "auth.permission", "pk": 42, "fields": {"name": "Can change catagory", "content_type": 11, "codename": "change_catagory"}}, {"model": "auth.permission", "pk": 43, "fields": {"name": "Can delete catagory", "content_type": 11, "codename": "delete_catagory"}}, {"model": "auth.permission", "pk": 44, "fields": {"name": "Can view catagory", "content_type": 11, "codename": "view_catagory"}}, {"model": "auth.permission", "pk": 45, "fields": {"name": "Can add clothing", "content_type": 12, "codename": "add_clothing"}}, {"model": "auth.permission", "pk": 46, "fields": {"name": "Can change clothing", "content_type": 12, "codename": "change_clothing"}}, {"model": "auth.permission", "pk": 47, "fields": {"name": "Can delete clothing", "content_type": 12, "codename": "delete_clothing"}}, {"model": "auth.permission", "pk": 48, "fields": {"name": "Can view clothing", "content_type": 12, "codename": "view_clothing"}}, {"model": "auth.permission", "pk": 49, "fields": {"name": "Can add cosmetic", "content_type": 13, "codename": "add_cosmetic"}}, {"model": "auth.permission", "pk": 50, "fields": {"name": "Can change cosmetic", "content_type": 13, "codename": "change_cosmetic"}}, {"model": "auth.permission", "pk": 51, "fields": {"name": "Can delete cosmetic", "content_type": 13, "codename": "delete_cosmetic"}}, {"model": "auth.permission", "pk": 52, "fields": {"name": "Can view cosmetic", "content_type": 13, "codename": "view_cosmetic"}}, {"model": "auth.permission", "pk": 53, "fields": {"name": "Can add cultural", "content_type": 14, "codename": "add_cultural"}}, {"model": "auth.permission", "pk": 54, "fields": {"name": "Can change cultural", "content_type": 14, "codename": "change_cultural"}}, {"model": "auth.permission", "pk": 55, "fields": {"name": "Can delete cultural", "content_type": 14, "codename": "delete_cultural"}}, {"model": "auth.permission", "pk": 56, "fields": {"name": "Can view cultural", "content_type": 14, "codename": "view_cultural"}}, {"model": "auth.permission", "pk": 57, "fields": {"name": "Can add digital", "content_type": 15, "codename": "add_digital"}}, {"model": "auth.permission", "pk": 58, "fields": {"name": "Can change digital", "content_type": 15, "codename": "change_digital"}}, {"model": "auth.permission", "pk": 59, "fields": {"name": "Can delete digital", "content_type": 15, "codename": "delete_digital"}}, {"model": "auth.permission", "pk": 60, "fields": {"name": "Can view digital", "content_type": 15, "codename": "view_digital"}}, {"model": "auth.permission", "pk": 61, "fields": {"name": "Can add home applience", "content_type": 16, "codename": "add_homeapplience"}}, {"model": "auth.permission", "pk": 62, "fields": {"name": "Can change home applience", "content_type": 16, "codename": "change_homeapplience"}}, {"model": "auth.permission", "pk": 63, "fields": {"name": "Can delete home applience", "content_type": 16, "codename": "delete_homeapplience"}}, {"model": "auth.permission", "pk": 64, "fields": {"name": "Can view home applience", "content_type": 16, "codename": "view_homeapplience"}}, {"model": "auth.permission", "pk": 65, "fields": {"name": "Can add sub catagory", "content_type": 17, "codename": "add_subcatagory"}}, {"model": "auth.permission", "pk": 66, "fields": {"name": "Can change sub catagory", "content_type": 17, "codename": "change_subcatagory"}}, {"model": "auth.permission", "pk": 67, "fields": {"name": "Can delete sub catagory", "content_type": 17, "codename": "delete_subcatagory"}}, {"model": "auth.permission", "pk": 68, "fields": {"name": "Can view sub catagory", "content_type": 17, "codename": "view_subcatagory"}}, {"model": "auth.permission", "pk": 69, "fields": {"name": "Can add product", "content_type": 18, "codename": "add_product"}}, {"model": "auth.permission", "pk": 70, "fields": {"name": "Can change product", "content_type": 18, "codename": "change_product"}}, {"model": "auth.permission", "pk": 71, "fields": {"name": "Can delete product", "content_type": 18, "codename": "delete_product"}}, {"model": "auth.permission", "pk": 72, "fields": {"name": "Can view product", "content_type": 18, "codename": "view_product"}}, {"model": "auth.permission", "pk": 73, "fields": {"name": "Can add imageproduct", "content_type": 19, "codename": "add_imageproduct"}}, {"model": "auth.permission", "pk": 74, "fields": {"name": "Can change imageproduct", "content_type": 19, "codename": "change_imageproduct"}}, {"model": "auth.permission", "pk": 75, "fields": {"name": "Can delete imageproduct", "content_type": 19, "codename": "delete_imageproduct"}}, {"model": "auth.permission", "pk": 76, "fields": {"name": "Can view imageproduct", "content_type": 19, "codename": "view_imageproduct"}}, {"model": "auth.permission", "pk": 77, "fields": {"name": "Can add comment", "content_type": 20, "codename": "add_comment"}}, {"model": "auth.permission", "pk": 78, "fields": {"name": "Can change comment", "content_type": 20, "codename": "change_comment"}}, {"model": "auth.permission", "pk": 79, "fields": {"name": "Can delete comment", "content_type": 20, "codename": "delete_comment"}}, {"model": "auth.permission", "pk": 80, "fields": {"name": "Can view comment", "content_type": 20, "codename": "view_comment"}}, {"model": "auth.permission", "pk": 81, "fields": {"name": "Can add profile", "content_type": 21, "codename": "add_profile"}}, {"model": "auth.permission", "pk": 82, "fields": {"name": "Can change profile", "content_type": 21, "codename": "change_profile"}}, {"model": "auth.permission", "pk": 83, "fields": {"name": "Can delete profile", "content_type": 21, "codename": "delete_profile"}}, {"model": "auth.permission", "pk": 84, "fields": {"name": "Can view profile", "content_type": 21, "codename": "view_profile"}}, {"model": "auth.permission", "pk": 85, "fields": {"name": "Can add phones", "content_type": 22, "codename": "add_phones"}}, {"model": "auth.permission", "pk": 86, "fields": {"name": "Can change phones", "content_type": 22, "codename": "change_phones"}}, {"model": "auth.permission", "pk": 87, "fields": {"name": "Can delete phones", "content_type": 22, "codename": "delete_phones"}}, {"model": "auth.permission", "pk": 88, "fields": {"name": "Can view phones", "content_type": 22, "codename": "view_phones"}}, {"model": "auth.permission", "pk": 89, "fields": {"name": "Can add address", "content_type": 23, "codename": "add_address"}}, {"model": "auth.permission", "pk": 90, "fields": {"name": "Can change address", "content_type": 23, "codename": "change_address"}}, {"model": "auth.permission", "pk": 91, "fields": {"name": "Can delete address", "content_type": 23, "codename": "delete_address"}}, {"model": "auth.permission", "pk": 92, "fields": {"name": "Can view address", "content_type": 23, "codename": "view_address"}}, {"model": "auth.permission", "pk": 93, "fields": {"name": "Can add Token", "content_type": 24, "codename": "add_token"}}, {"model": "auth.permission", "pk": 94, "fields": {"name": "Can change Token", "content_type": 24, "codename": "change_token"}}, {"model": "auth.permission", "pk": 95, "fields": {"name": "Can delete Token", "content_type": 24, "codename": "delete_token"}}, {"model": "auth.permission", "pk": 96, "fields": {"name": "Can view Token", "content_type": 24, "codename": "view_token"}}, {"model": "auth.user", "pk": 1, "fields": {"password": "pbkdf2_sha256$180000$PUKpM8etpDMk$ztCfdQKQ+4Gv7ho+ur0tba7bDA1IE7K19oJsHplIXYU=", "last_login": "2020-09-14T10:30:02.037Z", "is_superuser": true, "username": "admin", "first_name": "", "last_name": "", "email": "", "is_staff": true, "is_active": true, "date_joined": "2020-09-03T11:01:57.639Z", "groups": [], "user_permissions": []}}, {"model": "auth.user", "pk": 2, "fields": {"password": "pbkdf2_sha256$180000$vwApINj1eNvq$ovMgNecuW1T/7WD3PRUdRGz+H72C61nANPeYK5pewB8=", "last_login": "2020-09-06T09:43:22.331Z", "is_superuser": false, "username": "ashkani", "first_name": "", "last_name": "", "email": "", "is_staff": false, "is_active": true, "date_joined": "2020-09-06T09:42:57.476Z", "groups": [], "user_permissions": []}}, {"model": "user.profile", "pk": 1, "fields": {"user": 1, "gender": "M", "status": false, "image": ""}}, {"model": "user.profile", "pk": 2, "fields": {"user": 2, "gender": null, "status": false, "image": ""}}, {"model": "authtoken.token", "pk": "3ad45bcfeeb0c634d6778c988f45b3383e5e1068", "fields": {"user": 1, "created": "2020-09-14T20:32:58.458Z"}}, {"model": "admin.logentry", "pk": 1, "fields": {"action_time": "2020-09-03T11:02:31.623Z", "user": 1, "content_type": 11, "object_id": "1", "object_repr": "\u062f\u06cc\u062c\u06cc\u062a\u0627\u0644", "action_flag": 1, "change_message": "[{\"added\": {}}]"}}, {"model": "admin.logentry", "pk": 2, "fields": {"action_time": "2020-09-03T11:02:42.002Z", "user": 1, "content_type": 17, "object_id": "1", "object_repr": "\u0645\u0648\u0628\u0627\u06cc\u0644", "action_flag": 1, "change_message": "[{\"added\": {}}]"}}, {"model": "admin.logentry", "pk": 3, "fields": {"action_time": "2020-09-03T11:02:55.101Z", "user": 1, "content_type": 10, "object_id": "1", "object_repr": "apple", "action_flag": 1, "change_message": "[{\"added\": {}}]"}}, {"model": "admin.logentry", "pk": 4, "fields": {"action_time": "2020-09-03T11:03:50.168Z", "user": 1, "content_type": 19, "object_id": "1", "object_repr": "Imageproduct object (1)", "action_flag": 1, "change_message": "[{\"added\": {}}]"}}, {"model": "admin.logentry", "pk": 5, "fields": {"action_time": "2020-09-03T11:05:07.607Z", "user": 1, "content_type": 18, "object_id": "1", "object_repr": "iphone 11", "action_flag": 1, "change_message": "[{\"added\": {}}]"}}, {"model": "admin.logentry", "pk": 6, "fields": {"action_time": "2020-09-03T11:05:22.257Z", "user": 1, "content_type": 20, "object_id": "2", "object_repr": "Comment object (2)", "action_flag": 1, "change_message": "[{\"added\": {}}]"}}, {"model": "admin.logentry", "pk": 7, "fields": {"action_time": "2020-09-03T11:05:23.934Z", "user": 1, "content_type": 18, "object_id": "1", "object_repr": "iphone 11", "action_flag": 2, "change_message": "[{\"changed\": {\"fields\": [\"Comments\"]}}]"}}, {"model": "admin.logentry", "pk": 8, "fields": {"action_time": "2020-09-03T11:07:00.564Z", "user": 1, "content_type": 21, "object_id": "1", "object_repr": "admin", "action_flag": 1, "change_message": "[{\"added\": {}}]"}}, {"model": "admin.logentry", "pk": 9, "fields": {"action_time": "2020-09-03T12:36:51.232Z", "user": 1, "content_type": 11, "object_id": "2", "object_repr": "\u0641\u0631\u0647\u0646\u06af\u06cc", "action_flag": 1, "change_message": "[{\"added\": {}}]"}}, {"model": "admin.logentry", "pk": 10, "fields": {"action_time": "2020-09-03T12:37:01.110Z", "user": 1, "content_type": 11, "object_id": "2", "object_repr": "\u0641\u0631\u0647\u0646\u06af\u06cc", "action_flag": 2, "change_message": "[{\"changed\": {\"fields\": [\"Image\"]}}]"}}, {"model": "admin.logentry", "pk": 11, "fields": {"action_time": "2020-09-03T12:37:14.258Z", "user": 1, "content_type": 17, "object_id": "2", "object_repr": "\u06a9\u062a\u0627\u0628", "action_flag": 1, "change_message": "[{\"added\": {}}]"}}, {"model": "admin.logentry", "pk": 12, "fields": {"action_time": "2020-09-03T12:37:42.596Z", "user": 1, "content_type": 18, "object_id": "2", "object_repr": "\u0633\u0644\u0627\u0645", "action_flag": 1, "change_message": "[{\"added\": {}}]"}}, {"model": "admin.logentry", "pk": 13, "fields": {"action_time": "2020-09-04T18:25:01.875Z", "user": 1, "content_type": 15, "object_id": "1", "object_repr": "1", "action_flag": 1, "change_message": "[{\"added\": {}}]"}}, {"model": "admin.logentry", "pk": 14, "fields": {"action_time": "2020-09-04T18:28:23.949Z", "user": 1, "content_type": 15, "object_id": "2", "object_repr": "2", "action_flag": 1, "change_message": "[{\"added\": {}}]"}}, {"model": "admin.logentry", "pk": 15, "fields": {"action_time": "2020-09-04T18:28:31.110Z", "user": 1, "content_type": 18, "object_id": "2", "object_repr": "\u0633\u0644\u0627\u0645", "action_flag": 2, "change_message": "[{\"changed\": {\"fields\": [\"Digital\"]}}]"}}, {"model": "admin.logentry", "pk": 16, "fields": {"action_time": "2020-09-05T14:29:56.566Z", "user": 1, "content_type": 18, "object_id": "2", "object_repr": "\u0633\u0644\u0627\u0645", "action_flag": 2, "change_message": "[{\"changed\": {\"fields\": [\"Number\"]}}]"}}, {"model": "admin.logentry", "pk": 17, "fields": {"action_time": "2020-09-05T14:34:36.030Z", "user": 1, "content_type": 16, "object_id": "1", "object_repr": "1", "action_flag": 1, "change_message": "[{\"added\": {}}]"}}, {"model": "admin.logentry", "pk": 18, "fields": {"action_time": "2020-09-05T14:34:49.864Z", "user": 1, "content_type": 12, "object_id": "1", "object_repr": "1", "action_flag": 1, "change_message": "[{\"added\": {}}]"}}, {"model": "admin.logentry", "pk": 19, "fields": {"action_time": "2020-09-05T14:34:56.665Z", "user": 1, "content_type": 18, "object_id": "2", "object_repr": "\u0633\u0644\u0627\u0645", "action_flag": 2, "change_message": "[{\"changed\": {\"fields\": [\"Clothing\", \"Homeapplience\"]}}]"}}, {"model": "admin.logentry", "pk": 20, "fields": {"action_time": "2020-09-05T14:36:28.846Z", "user": 1, "content_type": 18, "object_id": "2", "object_repr": "\u0633\u0644\u0627\u0645", "action_flag": 2, "change_message": "[{\"changed\": {\"fields\": [\"Number\"]}}]"}}, {"model": "admin.logentry", "pk": 21, "fields": {"action_time": "2020-09-05T14:42:09.772Z", "user": 1, "content_type": 18, "object_id": "2", "object_repr": "\u0633\u0644\u0627\u0645", "action_flag": 2, "change_message": "[{\"changed\": {\"fields\": [\"Number\"]}}]"}}, {"model": "admin.logentry", "pk": 22, "fields": {"action_time": "2020-09-05T18:34:47.595Z", "user": 1, "content_type": 9, "object_id": "8", "object_repr": "Middle_cart object (8)", "action_flag": 1, "change_message": "[{\"added\": {}}]"}}, {"model": "admin.logentry", "pk": 23, "fields": {"action_time": "2020-09-06T17:12:03.830Z", "user": 1, "content_type": 11, "object_id": "2", "object_repr": "\u0641\u0631\u0647\u0646\u06af\u06cc", "action_flag": 2, "change_message": "[{\"changed\": {\"fields\": [\"Image\"]}}]"}}, {"model": "admin.logentry", "pk": 24, "fields": {"action_time": "2020-09-06T17:15:00.055Z", "user": 1, "content_type": 11, "object_id": "2", "object_repr": "\u0641\u0631\u0647\u0646\u06af\u06cc", "action_flag": 2, "change_message": "[{\"changed\": {\"fields\": [\"Image\"]}}]"}}, {"model": "admin.logentry", "pk": 25, "fields": {"action_time": "2020-09-06T17:17:27.668Z", "user": 1, "content_type": 11, "object_id": "2", "object_repr": "\u0641\u0631\u0647\u0646\u06af\u06cc", "action_flag": 2, "change_message": "[{\"changed\": {\"fields\": [\"Image\"]}}]"}}, {"model": "admin.logentry", "pk": 26, "fields": {"action_time": "2020-09-06T17:17:43.566Z", "user": 1, "content_type": 11, "object_id": "2", "object_repr": "\u0641\u0631\u0647\u0646\u06af\u06cc", "action_flag": 2, "change_message": "[{\"changed\": {\"fields\": [\"Image\"]}}]"}}, {"model": "admin.logentry", "pk": 27, "fields": {"action_time": "2020-09-06T17:28:12.973Z", "user": 1, "content_type": 11, "object_id": "2", "object_repr": "\u0641\u0631\u0647\u0646\u06af\u06cc", "action_flag": 2, "change_message": "[{\"changed\": {\"fields\": [\"Image\"]}}]"}}, {"model": "admin.logentry", "pk": 28, "fields": {"action_time": "2020-09-06T17:29:47.971Z", "user": 1, "content_type": 11, "object_id": "2", "object_repr": "\u0641\u0631\u0647\u0646\u06af\u06cc", "action_flag": 2, "change_message": "[{\"changed\": {\"fields\": [\"Image\"]}}]"}}, {"model": "admin.logentry", "pk": 29, "fields": {"action_time": "2020-09-06T17:30:01.938Z", "user": 1, "content_type": 11, "object_id": "2", "object_repr": "\u0641\u0631\u0647\u0646\u06af\u06cc", "action_flag": 2, "change_message": "[{\"changed\": {\"fields\": [\"Image\"]}}]"}}, {"model": "admin.logentry", "pk": 30, "fields": {"action_time": "2020-09-06T17:31:18.521Z", "user": 1, "content_type": 11, "object_id": "2", "object_repr": "\u0641\u0631\u0647\u0646\u06af\u06cc", "action_flag": 2, "change_message": "[{\"changed\": {\"fields\": [\"Image\"]}}]"}}, {"model": "admin.logentry", "pk": 31, "fields": {"action_time": "2020-09-06T17:31:33.776Z", "user": 1, "content_type": 11, "object_id": "2", "object_repr": "\u0641\u0631\u0647\u0646\u06af\u06cc", "action_flag": 2, "change_message": "[{\"changed\": {\"fields\": [\"Image\"]}}]"}}, {"model": "admin.logentry", "pk": 32, "fields": {"action_time": "2020-09-06T17:31:59.092Z", "user": 1, "content_type": 11, "object_id": "2", "object_repr": "\u0641\u0631\u0647\u0646\u06af\u06cc", "action_flag": 2, "change_message": "[{\"changed\": {\"fields\": [\"Image\"]}}]"}}, {"model": "admin.logentry", "pk": 33, "fields": {"action_time": "2020-09-06T17:32:08.418Z", "user": 1, "content_type": 11, "object_id": "2", "object_repr": "\u0641\u0631\u0647\u0646\u06af\u06cc", "action_flag": 2, "change_message": "[{\"changed\": {\"fields\": [\"Image\"]}}]"}}, {"model": "admin.logentry", "pk": 34, "fields": {"action_time": "2020-09-08T18:05:32.053Z", "user": 1, "content_type": 18, "object_id": "2", "object_repr": "\u0633\u0644\u0627\u0645", "action_flag": 2, "change_message": "[{\"changed\": {\"fields\": [\"Number\"]}}]"}}, {"model": "admin.logentry", "pk": 35, "fields": {"action_time": "2020-09-10T15:56:27.138Z", "user": 1, "content_type": 11, "object_id": "3", "object_repr": "\u0628\u0647\u062f\u0627\u0634\u062a\u06cc", "action_flag": 1, "change_message": "[{\"added\": {}}]"}}, {"model": "admin.logentry", "pk": 36, "fields": {"action_time": "2020-09-10T15:56:52.189Z", "user": 1, "content_type": 11, "object_id": "4", "object_repr": "\u0644\u0648\u0627\u0632\u0645 \u062e\u0627\u0646\u06af\u06cc", "action_flag": 1, "change_message": "[{\"added\": {}}]"}}, {"model": "admin.logentry", "pk": 37, "fields": {"action_time": "2020-09-10T15:57:39.508Z", "user": 1, "content_type": 17, "object_id": "3", "object_repr": "\u062a\u062e\u062a", "action_flag": 1, "change_message": "[{\"added\": {}}]"}}, {"model": "admin.logentry", "pk": 38, "fields": {"action_time": "2020-09-10T15:57:53.198Z", "user": 1, "content_type": 18, "object_id": "3", "object_repr": "\u0633\u06cc\u0628", "action_flag": 1, "change_message": "[{\"added\": {}}]"}}, {"model": "admin.logentry", "pk": 39, "fields": {"action_time": "2020-09-10T15:58:35.613Z", "user": 1, "content_type": 18, "object_id": "3", "object_repr": "\u0633\u06cc\u0628", "action_flag": 2, "change_message": "[{\"changed\": {\"fields\": [\"Image\"]}}]"}}, {"model": "admin.logentry", "pk": 40, "fields": {"action_time": "2020-09-10T16:01:01.124Z", "user": 1, "content_type": 11, "object_id": "5", "object_repr": "\u0628\u0647\u062f\u0627\u0634\u062a\u06cc", "action_flag": 1, "change_message": "[{\"added\": {}}]"}}, {"model": "admin.logentry", "pk": 41, "fields": {"action_time": "2020-09-10T16:01:33.828Z", "user": 1, "content_type": 17, "object_id": "4", "object_repr": "\u0627\u0634\u067e\u0632\u062e\u0627\u0646\u0647", "action_flag": 1, "change_message": "[{\"added\": {}}]"}}, {"model": "admin.logentry", "pk": 42, "fields": {"action_time": "2020-09-10T16:01:46.003Z", "user": 1, "content_type": 17, "object_id": "5", "object_repr": "\u0627\u0631\u0627\u06cc\u0634\u06cc", "action_flag": 1, "change_message": "[{\"added\": {}}]"}}, {"model": "admin.logentry", "pk": 43, "fields": {"action_time": "2020-09-10T16:01:58.952Z", "user": 1, "content_type": 17, "object_id": "6", "object_repr": "\u0645\u0628\u0644\u0645\u0627\u0646", "action_flag": 1, "change_message": "[{\"added\": {}}]"}}, {"model": "admin.logentry", "pk": 44, "fields": {"action_time": "2020-09-10T16:02:21.447Z", "user": 1, "content_type": 17, "object_id": "7", "object_repr": "\u0644\u0628 \u062a\u0627\u0628", "action_flag": 1, "change_message": "[{\"added\": {}}]"}}, {"model": "admin.logentry", "pk": 45, "fields": {"action_time": "2020-09-10T16:02:34.008Z", "user": 1, "content_type": 17, "object_id": "8", "object_repr": "\u062a\u0628\u0644\u062a", "action_flag": 1, "change_message": "[{\"added\": {}}]"}}, {"model": "admin.logentry", "pk": 46, "fields": {"action_time": "2020-09-10T16:02:49.228Z", "user": 1, "content_type": 17, "object_id": "9", "object_repr": "\u0647\u062f\u0641\u0648\u0646", "action_flag": 1, "change_message": "[{\"added\": {}}]"}}, {"model": "admin.logentry", "pk": 47, "fields": {"action_time": "2020-09-10T16:03:00.558Z", "user": 1, "content_type": 17, "object_id": "10", "object_repr": "\u0641\u06cc\u0644\u0645", "action_flag": 1, "change_message": "[{\"added\": {}}]"}}, {"model": "admin.logentry", "pk": 48, "fields": {"action_time": "2020-09-10T16:03:16.807Z", "user": 1, "content_type": 17, "object_id": "11", "object_repr": "\u0645\u0648\u0633\u06cc\u0642\u06cc", "action_flag": 1, "change_message": "[{\"added\": {}}]"}}, {"model": "admin.logentry", "pk": 49, "fields": {"action_time": "2020-09-10T16:03:35.857Z", "user": 1, "content_type": 17, "object_id": "12", "object_repr": "\u0647\u0646\u0631\u0647\u0627\u06cc \u062f\u0633\u062a\u06cc", "action_flag": 1, "change_message": "[{\"added\": {}}]"}}, {"model": "admin.logentry", "pk": 50, "fields": {"action_time": "2020-09-10T16:03:51.523Z", "user": 1, "content_type": 17, "object_id": "13", "object_repr": "\u0634\u0648\u06cc\u0646\u062f\u0647 \u0647\u0627", "action_flag": 1, "change_message": "[{\"added\": {}}]"}}, {"model": "admin.logentry", "pk": 51, "fields": {"action_time": "2020-09-10T16:04:28.834Z", "user": 1, "content_type": 17, "object_id": "14", "object_repr": "\u0644\u0648\u0633\u06cc\u0648\u0646 \u0647\u0627", "action_flag": 1, "change_message": "[{\"added\": {}}]"}}, {"model": "admin.logentry", "pk": 52, "fields": {"action_time": "2020-09-10T16:04:46.687Z", "user": 1, "content_type": 17, "object_id": "15", "object_repr": "\u0641\u0631\u0634", "action_flag": 1, "change_message": "[{\"added\": {}}]"}}, {"model": "admin.logentry", "pk": 53, "fields": {"action_time": "2020-09-10T16:05:07.002Z", "user": 1, "content_type": 17, "object_id": "16", "object_repr": "\u062a\u0632\u06cc\u06cc\u0646\u06cc", "action_flag": 1, "change_message": "[{\"added\": {}}]"}}, {"model": "admin.logentry", "pk": 54, "fields": {"action_time": "2020-09-10T16:05:39.549Z", "user": 1, "content_type": 11, "object_id": "3", "object_repr": "\u0628\u0647\u062f\u0627\u0634\u062a\u06cc", "action_flag": 3, "change_message": ""}}, {"model": "admin.logentry", "pk": 55, "fields": {"action_time": "2020-09-10T16:06:00.704Z", "user": 1, "content_type": 11, "object_id": "6", "object_repr": "\u067e\u0648\u0634\u0627\u06a9", "action_flag": 1, "change_message": "[{\"added\": {}}]"}}, {"model": "admin.logentry", "pk": 56, "fields": {"action_time": "2020-09-10T16:06:29.211Z", "user": 1, "content_type": 17, "object_id": "17", "object_repr": "\u0627\u0631\u0627\u06cc\u0634\u06cc", "action_flag": 1, "change_message": "[{\"added\": {}}]"}}, {"model": "admin.logentry", "pk": 57, "fields": {"action_time": "2020-09-10T16:06:42.575Z", "user": 1, "content_type": 17, "object_id": "18", "object_repr": "\u0644\u0648\u0633\u06cc\u0648\u0646 \u0647\u0627", "action_flag": 1, "change_message": "[{\"added\": {}}]"}}, {"model": "admin.logentry", "pk": 58, "fields": {"action_time": "2020-09-10T16:06:54.104Z", "user": 1, "content_type": 17, "object_id": "19", "object_repr": "\u0634\u0648\u06cc\u0646\u062f\u0647 \u0647\u0627", "action_flag": 1, "change_message": "[{\"added\": {}}]"}}, {"model": "admin.logentry", "pk": 59, "fields": {"action_time": "2020-09-10T16:07:27.243Z", "user": 1, "content_type": 17, "object_id": "20", "object_repr": "\u0634\u0644\u0648\u0627\u0631", "action_flag": 1, "change_message": "[{\"added\": {}}]"}}, {"model": "admin.logentry", "pk": 60, "fields": {"action_time": "2020-09-10T16:07:36.851Z", "user": 1, "content_type": 17, "object_id": "21", "object_repr": "\u067e\u06cc\u0631\u0627\u0647\u0646", "action_flag": 1, "change_message": "[{\"added\": {}}]"}}, {"model": "admin.logentry", "pk": 61, "fields": {"action_time": "2020-09-10T16:07:45.255Z", "user": 1, "content_type": 17, "object_id": "22", "object_repr": "\u06a9\u062a \u0648\u0634\u0644\u0648\u0627\u0631", "action_flag": 1, "change_message": "[{\"added\": {}}]"}}, {"model": "admin.logentry", "pk": 62, "fields": {"action_time": "2020-09-10T16:07:56.068Z", "user": 1, "content_type": 17, "object_id": "23", "object_repr": "\u062a\u06cc\u0634\u0631\u062a", "action_flag": 1, "change_message": "[{\"added\": {}}]"}}, {"model": "admin.logentry", "pk": 63, "fields": {"action_time": "2020-09-10T16:08:03.630Z", "user": 1, "content_type": 17, "object_id": "24", "object_repr": "\u06a9\u0644\u0627\u0647", "action_flag": 1, "change_message": "[{\"added\": {}}]"}}, {"model": "admin.logentry", "pk": 64, "fields": {"action_time": "2020-09-10T16:08:10.318Z", "user": 1, "content_type": 17, "object_id": "25", "object_repr": "\u06a9\u06cc\u0641", "action_flag": 1, "change_message": "[{\"added\": {}}]"}}, {"model": "admin.logentry", "pk": 65, "fields": {"action_time": "2020-09-10T16:08:18.330Z", "user": 1, "content_type": 17, "object_id": "26", "object_repr": "\u062f\u0633\u062a \u06a9\u0634", "action_flag": 1, "change_message": "[{\"added\": {}}]"}}, {"model": "admin.logentry", "pk": 66, "fields": {"action_time": "2020-09-10T16:09:05.055Z", "user": 1, "content_type": 15, "object_id": "3", "object_repr": "3", "action_flag": 1, "change_message": "[{\"added\": {}}]"}}, {"model": "admin.logentry", "pk": 67, "fields": {"action_time": "2020-09-10T16:09:10.733Z", "user": 1, "content_type": 18, "object_id": "1", "object_repr": "iphone 11", "action_flag": 2, "change_message": "[{\"changed\": {\"fields\": [\"Digital\"]}}]"}}, {"model": "admin.logentry", "pk": 68, "fields": {"action_time": "2020-09-10T16:10:56.453Z", "user": 1, "content_type": 15, "object_id": "2", "object_repr": "2", "action_flag": 2, "change_message": "[{\"changed\": {\"fields\": [\"Screen size\", \"Color\", \"Ram\", \"Harddisck\", \"Screen resolution\", \"Cpu\", \"Weight\", \"Year\"]}}]"}}, {"model": "admin.logentry", "pk": 69, "fields": {"action_time": "2020-09-10T16:10:59.772Z", "user": 1, "content_type": 18, "object_id": "2", "object_repr": "note 20", "action_flag": 2, "change_message": "[{\"changed\": {\"fields\": [\"Clothing\", \"Homeapplience\", \"Category\", \"Sub catagory\", \"Name\", \"Price\", \"Descriptions\"]}}]"}}, {"model": "admin.logentry", "pk": 70, "fields": {"action_time": "2020-09-10T16:11:45.005Z", "user": 1, "content_type": 18, "object_id": "3", "object_repr": "\u06cc\u062e\u0686\u0627\u0644 \u0633\u0627\u06cc\u062f", "action_flag": 2, "change_message": "[{\"changed\": {\"fields\": [\"Sub catagory\", \"Name\", \"Number\"]}}]"}}, {"model": "admin.logentry", "pk": 71, "fields": {"action_time": "2020-09-10T16:12:14.255Z", "user": 1, "content_type": 18, "object_id": "3", "object_repr": "\u06cc\u062e\u0686\u0627\u0644 \u0633\u0627\u06cc\u062f", "action_flag": 2, "change_message": "[{\"changed\": {\"fields\": [\"Price\", \"Descriptions\", \"Image\"]}}]"}}, {"model": "admin.logentry", "pk": 72, "fields": {"action_time": "2020-09-10T16:12:25.732Z", "user": 1, "content_type": 18, "object_id": "3", "object_repr": "\u06cc\u062e\u0686\u0627\u0644 \u0633\u0627\u06cc\u062f", "action_flag": 2, "change_message": "[{\"changed\": {\"fields\": [\"Image\"]}}]"}}, {"model": "admin.logentry", "pk": 73, "fields": {"action_time": "2020-09-10T16:12:51.315Z", "user": 1, "content_type": 10, "object_id": "2", "object_repr": "mac", "action_flag": 1, "change_message": "[{\"added\": {}}]"}}, {"model": "admin.logentry", "pk": 74, "fields": {"action_time": "2020-09-10T16:14:46.459Z", "user": 1, "content_type": 18, "object_id": "4", "object_repr": "rozh lab", "action_flag": 1, "change_message": "[{\"added\": {}}]"}}, {"model": "admin.logentry", "pk": 75, "fields": {"action_time": "2020-09-10T16:15:29.361Z", "user": 1, "content_type": 13, "object_id": "1", "object_repr": "1", "action_flag": 1, "change_message": "[{\"added\": {}}]"}}, {"model": "admin.logentry", "pk": 76, "fields": {"action_time": "2020-09-10T16:15:33.094Z", "user": 1, "content_type": 18, "object_id": "4", "object_repr": "rozh lab", "action_flag": 2, "change_message": "[{\"changed\": {\"fields\": [\"Cosmetic\"]}}]"}}, {"model": "admin.logentry", "pk": 77, "fields": {"action_time": "2020-09-10T16:17:15.033Z", "user": 1, "content_type": 10, "object_id": "3", "object_repr": "samsung", "action_flag": 1, "change_message": "[{\"added\": {}}]"}}, {"model": "admin.logentry", "pk": 78, "fields": {"action_time": "2020-09-10T16:17:30.872Z", "user": 1, "content_type": 10, "object_id": "4", "object_repr": "other", "action_flag": 1, "change_message": "[{\"added\": {}}]"}}, {"model": "admin.logentry", "pk": 79, "fields": {"action_time": "2020-09-10T16:19:19.171Z", "user": 1, "content_type": 14, "object_id": "1", "object_repr": "1", "action_flag": 1, "change_message": "[{\"added\": {}}]"}}, {"model": "admin.logentry", "pk": 80, "fields": {"action_time": "2020-09-10T16:20:15.432Z", "user": 1, "content_type": 18, "object_id": "5", "object_repr": "harry poter", "action_flag": 1, "change_message": "[{\"added\": {}}]"}}, {"model": "admin.logentry", "pk": 81, "fields": {"action_time": "2020-09-10T16:21:03.925Z", "user": 1, "content_type": 18, "object_id": "2", "object_repr": "note 20", "action_flag": 2, "change_message": "[{\"changed\": {\"fields\": [\"Price\"]}}]"}}, {"model": "admin.logentry", "pk": 82, "fields": {"action_time": "2020-09-10T16:21:19.311Z", "user": 1, "content_type": 18, "object_id": "1", "object_repr": "iphone 11", "action_flag": 2, "change_message": "[{\"changed\": {\"fields\": [\"Price\"]}}]"}}, {"model": "admin.logentry", "pk": 83, "fields": {"action_time": "2020-09-10T16:21:48.446Z", "user": 1, "content_type": 18, "object_id": "5", "object_repr": "harry poter", "action_flag": 2, "change_message": "[{\"changed\": {\"fields\": [\"Sub catagory\"]}}]"}}, {"model": "admin.logentry", "pk": 84, "fields": {"action_time": "2020-09-10T16:23:30.258Z", "user": 1, "content_type": 18, "object_id": "2", "object_repr": "note 20", "action_flag": 2, "change_message": "[{\"changed\": {\"fields\": [\"Brands\"]}}]"}}, {"model": "admin.logentry", "pk": 85, "fields": {"action_time": "2020-09-10T16:24:48.265Z", "user": 1, "content_type": 15, "object_id": "4", "object_repr": "4", "action_flag": 1, "change_message": "[{\"added\": {}}]"}}, {"model": "admin.logentry", "pk": 86, "fields": {"action_time": "2020-09-10T16:24:50.533Z", "user": 1, "content_type": 18, "object_id": "6", "object_repr": "mac book", "action_flag": 1, "change_message": "[{\"added\": {}}]"}}, {"model": "admin.logentry", "pk": 87, "fields": {"action_time": "2020-09-14T10:31:24.028Z", "user": 1, "content_type": 7, "object_id": "1", "object_repr": "1", "action_flag": 3, "change_message": ""}}, {"model": "admin.logentry", "pk": 88, "fields": {"action_time": "2020-09-14T11:15:53.947Z", "user": 1, "content_type": 7, "object_id": "5", "object_repr": "5", "action_flag": 3, "change_message": ""}}, {"model": "admin.logentry", "pk": 89, "fields": {"action_time": "2020-09-14T11:15:54.106Z", "user": 1, "content_type": 7, "object_id": "4", "object_repr": "4", "action_flag": 3, "change_message": ""}}, {"model": "admin.logentry", "pk": 90, "fields": {"action_time": "2020-09-14T11:15:54.190Z", "user": 1, "content_type": 7, "object_id": "3", "object_repr": "3", "action_flag": 3, "change_message": ""}}, {"model": "admin.logentry", "pk": 91, "fields": {"action_time": "2020-09-14T11:15:54.250Z", "user": 1, "content_type": 7, "object_id": "2", "object_repr": "2", "action_flag": 3, "change_message": ""}}, {"model": "admin.logentry", "pk": 92, "fields": {"action_time": "2020-09-14T20:40:43.049Z", "user": 1, "content_type": 7, "object_id": "26", "object_repr": "26", "action_flag": 3, "change_message": ""}}, {"model": "admin.logentry", "pk": 93, "fields": {"action_time": "2020-09-14T20:40:43.339Z", "user": 1, "content_type": 7, "object_id": "25", "object_repr": "25", "action_flag": 3, "change_message": ""}}, {"model": "admin.logentry", "pk": 94, "fields": {"action_time": "2020-09-14T20:40:43.364Z", "user": 1, "content_type": 7, "object_id": "6", "object_repr": "6", "action_flag": 3, "change_message": ""}}, {"model": "admin.logentry", "pk": 95, "fields": {"action_time": "2020-09-14T21:54:23.608Z", "user": 1, "content_type": 8, "object_id": "13", "object_repr": "Finance object (13)", "action_flag": 3, "change_message": ""}}, {"model": "admin.logentry", "pk": 96, "fields": {"action_time": "2020-09-14T21:54:23.636Z", "user": 1, "content_type": 8, "object_id": "12", "object_repr": "Finance object (12)", "action_flag": 3, "change_message": ""}}, {"model": "admin.logentry", "pk": 97, "fields": {"action_time": "2020-09-14T21:54:23.747Z", "user": 1, "content_type": 8, "object_id": "11", "object_repr": "Finance object (11)", "action_flag": 3, "change_message": ""}}, {"model": "admin.logentry", "pk": 98, "fields": {"action_time": "2020-09-14T21:54:23.788Z", "user": 1, "content_type": 8, "object_id": "10", "object_repr": "Finance object (10)", "action_flag": 3, "change_message": ""}}, {"model": "admin.logentry", "pk": 99, "fields": {"action_time": "2020-09-14T21:54:23.813Z", "user": 1, "content_type": 8, "object_id": "9", "object_repr": "Finance object (9)", "action_flag": 3, "change_message": ""}}, {"model": "admin.logentry", "pk": 100, "fields": {"action_time": "2020-09-14T21:54:23.824Z", "user": 1, "content_type": 8, "object_id": "8", "object_repr": "Finance object (8)", "action_flag": 3, "change_message": ""}}, {"model": "admin.logentry", "pk": 101, "fields": {"action_time": "2020-09-14T21:54:23.835Z", "user": 1, "content_type": 8, "object_id": "7", "object_repr": "Finance object (7)", "action_flag": 3, "change_message": ""}}, {"model": "admin.logentry", "pk": 102, "fields": {"action_time": "2020-09-14T21:54:23.846Z", "user": 1, "content_type": 8, "object_id": "6", "object_repr": "Finance object (6)", "action_flag": 3, "change_message": ""}}, {"model": "admin.logentry", "pk": 103, "fields": {"action_time": "2020-09-14T21:54:23.858Z", "user": 1, "content_type": 8, "object_id": "5", "object_repr": "Finance object (5)", "action_flag": 3, "change_message": ""}}, {"model": "admin.logentry", "pk": 104, "fields": {"action_time": "2020-09-14T21:54:23.869Z", "user": 1, "content_type": 8, "object_id": "4", "object_repr": "Finance object (4)", "action_flag": 3, "change_message": ""}}, {"model": "admin.logentry", "pk": 105, "fields": {"action_time": "2020-09-14T21:54:23.880Z", "user": 1, "content_type": 8, "object_id": "3", "object_repr": "Finance object (3)", "action_flag": 3, "change_message": ""}}, {"model": "admin.logentry", "pk": 106, "fields": {"action_time": "2020-09-14T21:54:23.891Z", "user": 1, "content_type": 8, "object_id": "2", "object_repr": "Finance object (2)", "action_flag": 3, "change_message": ""}}, {"model": "admin.logentry", "pk": 107, "fields": {"action_time": "2020-09-14T21:54:23.902Z", "user": 1, "content_type": 8, "object_id": "1", "object_repr": "Finance object (1)", "action_flag": 3, "change_message": ""}}, {"model": "admin.logentry", "pk": 108, "fields": {"action_time": "2020-09-14T21:54:40.589Z", "user": 1, "content_type": 9, "object_id": "56", "object_repr": "Middle_cart object (56)", "action_flag": 3, "change_message": ""}}, {"model": "admin.logentry", "pk": 109, "fields": {"action_time": "2020-09-14T21:54:40.632Z", "user": 1, "content_type": 9, "object_id": "55", "object_repr": "Middle_cart object (55)", "action_flag": 3, "change_message": ""}}, {"model": "admin.logentry", "pk": 110, "fields": {"action_time": "2020-09-14T21:54:40.665Z", "user": 1, "content_type": 9, "object_id": "52", "object_repr": "Middle_cart object (52)", "action_flag": 3, "change_message": ""}}, {"model": "admin.logentry", "pk": 111, "fields": {"action_time": "2020-09-14T21:54:54.663Z", "user": 1, "content_type": 7, "object_id": "31", "object_repr": "31", "action_flag": 3, "change_message": ""}}, {"model": "admin.logentry", "pk": 112, "fields": {"action_time": "2020-09-16T10:15:05.770Z", "user": 1, "content_type": 11, "object_id": "4", "object_repr": "\u062e\u0627\u0646\u06af\u06cc", "action_flag": 2, "change_message": "[{\"changed\": {\"fields\": [\"Name\"]}}]"}}, {"model": "admin.logentry", "pk": 113, "fields": {"action_time": "2020-09-16T18:39:57.397Z", "user": 1, "content_type": 7, "object_id": "35", "object_repr": "35", "action_flag": 1, "change_message": "[{\"added\": {}}]"}}, {"model": "admin.logentry", "pk": 114, "fields": {"action_time": "2020-09-16T18:40:15.721Z", "user": 1, "content_type": 9, "object_id": "67", "object_repr": "Middle_cart object (67)", "action_flag": 1, "change_message": "[{\"added\": {}}]"}}, {"model": "admin.logentry", "pk": 115, "fields": {"action_time": "2020-09-16T18:40:21.154Z", "user": 1, "content_type": 9, "object_id": "68", "object_repr": "Middle_cart object (68)", "action_flag": 1, "change_message": "[{\"added\": {}}]"}}, {"model": "admin.logentry", "pk": 116, "fields": {"action_time": "2020-09-16T18:40:31.596Z", "user": 1, "content_type": 9, "object_id": "69", "object_repr": "Middle_cart object (69)", "action_flag": 1, "change_message": "[{\"added\": {}}]"}}, {"model": "admin.logentry", "pk": 117, "fields": {"action_time": "2020-09-19T12:59:07.380Z", "user": 1, "content_type": 7, "object_id": "34", "object_repr": "34", "action_flag": 3, "change_message": ""}}]